<?xml version="1.0" encoding="utf-8"?>
<!DOCTYPE install SYSTEM "http://dev.joomla.org/xml/1.5/component-install.dtd">
<mosinstall type="component" version="1.0.0 beta 1">
	<name>frontuploader</name>
	<author>Diogo Souza</author>
	<copyright>This component in released under the GNU/GPL License</copyright>
	<license>http://www.gnu.org/licenses/gpl-2.0.html GNU/GPL</license>
	<authorEmail></authorEmail>
	<authorUrl></authorUrl>
	<version>1.0</version>
	<description>Simple frontend uploader</description>
	<params>
       <param name="title" type="text" default="" label="title" description="Title to appear above list" /> 
	   <param name="folder" type="text" default="/images" label="folder" description="Folder to upload" />
	</params>
    <administration>
    </administration>
    <files>
      <filename>frontuploader.php</filename>
      <filename>index.html</filename>
      <filename>files/index.html</filename>
    </files>
</mosinstall>
