<?xml version="1.0" encoding="utf-8"?>
<!DOCTYPE install SYSTEM "http://dev.joomla.org/xml/1.5/component-install.dtd">
<install type="component" version="1.5.0">
	<name>Simplest Forum</name>
	<creationDate>2009-02-16</creationDate>
	<author>Ambitionality Software LLC</author>
	<authorEmail>Cullen@Ambitionality.com</authorEmail>
	<authorUrl>https://www.Ambitionality.com</authorUrl>
	<copyright>Copyright Ambitionality Software LLC, All rights reserved 2008.</copyright>
	<license>GNU/GPL, see LICENSE.php</license>
	<version>1.4.2</version>
	<description>
        This component allows anonymous and user posting in a very simple forum environment while
        allowing functionality to be easily extended using third party extensions.
    </description>
	<installfile>install.eventlist.php</installfile>
	<uninstallfile>uninstall.eventlist.php</uninstallfile>
	<install>
		<sql>
			<file driver="mysql" charset="utf8">install.mysql.utf8.sql</file>
		</sql>
	</install>
	<uninstall>
		<sql>
			<file driver="mysql" charset="utf8">uninstall.mysql.utf8.sql</file>
		</sql>
	</uninstall>
	<files>
        <filename>assets/index.html</filename>
        <filename>assets/sflogo.png</filename>
        <filename>assets/sflink.png</filename>
        <filename>assets/example.css</filename>
        <filename>index.html</filename>
        <filename>models/postlist.php</filename>
        <filename>models/index.html</filename>
        <filename>models/topiclist.php</filename>
        <filename>models/forumlist.php</filename>
        <filename>models/forumadd.php</filename>
        <filename>models/postedit.php</filename>
        <filename>simplestforum.xml</filename>
        <filename>helpers/forum.php</filename>
        <filename>helpers/tree.php</filename>
        <filename>router.php</filename>
        <filename>simplestforum.php</filename>
        <filename>views/index.html</filename>
        <filename>views/postlist/index.html</filename>
        <filename>views/postlist/view.html.php</filename>
        <filename>views/postlist/metadata.xml</filename>
        <filename>views/postlist/tmpl/default.xml</filename>
        <filename>views/postlist/tmpl/index.html</filename>
        <filename>views/postlist/tmpl/default.php</filename>
        <filename>views/postlist/tmpl/default_form.php</filename>
        <filename>views/forumadd/index.html</filename>
        <filename>views/forumadd/view.html.php</filename>
        <filename>views/forumadd/tmpl/default.php</filename>
        <filename>views/forumadd/tmpl/index.html</filename>
        <filename>views/forumlist/index.html</filename>
        <filename>views/forumlist/view.html.php</filename>
        <filename>views/forumlist/metadata.xml</filename>
        <filename>views/forumlist/tmpl/default.xml</filename>
        <filename>views/forumlist/tmpl/index.html</filename>
        <filename>views/forumlist/tmpl/default.php</filename>
        <filename>views/postedit/index.html</filename>
        <filename>views/postedit/metadata.xml</filename>
        <filename>views/postedit/view.html.php</filename>
        <filename>views/postedit/tmpl/index.html</filename>
        <filename>views/postedit/tmpl/default.php</filename>
        <filename>views/topiclist/index.html</filename>
        <filename>views/topiclist/view.html.php</filename>
        <filename>views/topiclist/metadata.xml</filename>
        <filename>views/topiclist/tmpl/default.xml</filename>
        <filename>views/topiclist/tmpl/index.html</filename>
        <filename>views/topiclist/tmpl/default.php</filename>
        <filename>controller.php</filename>
	</files>
    <languages>
        <language tag="cs-CZ">cs-CZ.com_simplestforum.ini</language>
        <language tag="da-DK">da-DK.com_simplestforum.ini</language>
        <language tag="de-DE">de-DE.com_simplestforum.ini</language>
        <language tag="en-GB">en-GB.com_simplestforum.ini</language>
        <language tag="es-ES">es-ES.com_simplestforum.ini</language>
        <language tag="fr-FR">fr-FR.com_simplestforum.ini</language>
        <language tag="he-IL">he-IL.com_simplestforum.ini</language>
        <language tag="hr-HR">hr-HR.com_simplestforum.ini</language>
        <language tag="hu-HU">hu-HU.com_simplestforum.ini</language>
        <language tag="nb-NO">nb-NO.com_simplestforum.ini</language>
        <language tag="nl-NL">nl-NL.com_simplestforum.ini</language>
        <language tag="pl-PL">pl-PL.com_simplestforum.ini</language>
        <language tag="pt-BR">pt-BR.com_simplestforum.ini</language>
        <language tag="ru-RU">ru-RU.com_simplestforum.ini</language>
        <language tag="sv-SE">sv-SE.com_simplestforum.ini</language>
        <language tag="th-TH">th-TH.com_simplestforum.ini</language>
    </languages>
	<administration>
		<menu view="forumlist">Simplest Forum</menu>
		<files folder="admin">
            <filename>config.xml</filename>
            <filename>index.html</filename>
            <filename>models/index.html</filename>
            <filename>models/forumlist.php</filename>
            <filename>models/config.php</filename>
            <filename>models/forumedit.php</filename>
            <filename>install.eventlist.php</filename>
            <filename>elements/index.html</filename>
            <filename>elements/permissiongroup.php</filename>
            <filename>elements/forumselect.php</filename>
            <filename>uninstall.eventlist.php</filename>
            <filename>tables/index.html</filename>
            <filename>tables/forum.php</filename>
            <filename>tables/post.php</filename>
            <filename>tables/extensionattributes.php</filename>
            <filename>install.mysql.utf8.sql</filename>
            <filename>views/config/index.html</filename>
            <filename>views/config/view.html.php</filename>
            <filename>views/config/tmpl/index.html</filename>
            <filename>views/config/tmpl/default.php</filename>
            <filename>views/index.html</filename>
            <filename>views/forumlist/index.html</filename>
            <filename>views/forumlist/view.html.php</filename>
            <filename>views/forumlist/tmpl/index.html</filename>
            <filename>views/forumlist/tmpl/default.php</filename>
            <filename>views/forumedit/index.html</filename>
            <filename>views/forumedit/view.html.php</filename>
            <filename>views/forumedit/tmpl/index.html</filename>
            <filename>views/forumedit/tmpl/default.php</filename>
            <filename>controller.php</filename>
            <filename>LICENSE.php</filename>
            <filename>uninstall.mysql.utf8.sql</filename>
            <filename>admin.simplestforum.php</filename>
		</files>
        <languages>
            <language tag="da-DK">admin/da-DK.com_simplestforum.ini</language>
            <language tag="en-GB">admin/en-GB.com_simplestforum.ini</language>
            <language tag="hr-HR">admin/hr-HR.com_simplestforum.ini</language>
            <language tag="hu-HU">admin/hu-HU.com_simplestforum.ini</language>
            <language tag="nl-NL">nl-NL.com_simplestforum.ini</language>
            <language tag="pt-BR">admin/pt-BR.com_simplestforum.ini</language>
        </languages>
	</administration>
    <params/>
</install>
