<?xml version="1.0" encoding="utf-8"?>
<install type="module" version="1.5.0">
    <name>mod_frontbanner</name> 
    <author>Diogo Souza da Silva</author> 
    <creationDate>2009-02-08</creationDate> 
    <copyright></copyright> 
    <license>GPL 2.0</license> 
    <authorEmail>manifesto@manifesto.blog.br</authorEmail> 
    <authorUrl>www.manifesto.blog.br</authorUrl> 
    <version>1.0.0</version> 
    <description></description>
    <files>
        <filename module="mod_frontbanner">mod_frontbanner.php</filename>
        <filename>index.html</filename>
        <filename>helper.php</filename>
        <filename>tmpl/index.html</filename>
        <filename>tmpl/default.php</filename>
    </files>
    <params />
</install>
